{
  "dependencies": {
    "storage1": {
      "resourceId": "/subscriptions/[parameters('subscriptionId')]/resourceGroups/[parameters('resourceGroupName')]/providers/Microsoft.Storage/storageAccounts/stg0la0fn0app",
      "type": "storage.azure",
      "connectionId": "AzureWebJobsStorage",
      "secretStore": "AzureAppSettings"
    },
    "secrets1": {
      "resourceId": "/subscriptions/[parameters('subscriptionId')]/resourceGroups/[parameters('resourceGroupName')]/providers/Microsoft.KeyVault/vaults/keVaultChatBot",
      "type": "secrets.keyVault",
      "connectionId": "VaultUri",
      "secretStore": "AzureAppSettings"
    }
  }
}