{
    "$schema": "https://raw.githubusercontent.com/microsoft/botframework-sdk/master/schemas/component/component.schema",
    "$role": "implements(Microsoft.IDialog)",
    "title": "AzureTable Query",
    "description": "Test AzureTable Query",
    "type": "object",
    "additionalProperties": false,
    "properties": {
        "Columnas": {
            "$ref": "#/definitions/stringExpression",
            "title": "Select... (Columnas)",
            "description": "Columnas separadas por coma"
        },
        "Table_Name": {
            "$ref": "#/definitions/stringExpression",
            "title": "From... (Table_Name)",
            "description": "Nombre de la tabla a consultar"
        },
        "Filtro": {
            "$ref": "#/definitions/stringExpression",
            "title": "Where... (Filtro)",
            "description": "Filtro para la tabla"
        },
        "resultProperty": {
            "$ref": "#/definitions/stringExpression",
            "title": "Resultado",
            "description": "Resultado de la consulta"
        }
    }
}